Species,L_mean_females,a_mean_females,b_mean_females,L_mean_males,a_mean_males,b_mean_males,centroid_distance
Danaidae_Danaus_chrysippus,42.0438257144007,18.9756717066608,37.1749128908605,42.0687620666666,19.0895091167181,37.3326780662659,0.196139308053192
Danaidae_Danaus_plexippus,33.6037922803486,20.7051867718382,26.0559549955073,34.5094790248892,19.440822801246,31.885424545835,6.03337384616322
Libytheidae_Libythea_celtis,23.0281253285784,13.0179449084262,22.1664874495807,23.0659387879225,13.0296349291582,22.2135571751672,0.0614985638780799
Lycaenidae_Agriades_glandon_glandon,39.610151852609,1.01863154080232,21.7140332905568,59.2432070746837,-2.75733471438063,17.8348251156286,20.3657318694356
Lycaenidae_Agrodiaetus_admetus,31.5960583892176,14.2423999194152,25.6655127686538,26.7197124028213,11.7545523564555,20.7746002748166,7.34092369514495
Lycaenidae_Agrodiaetus_agenjoi,42.6243194882066,2.20909128359981,29.5969302864469,33.0371431990875,7.59130212031696,28.7002180887746,11.0311484195879
Lycaenidae_Agrodiaetus_ainsae,44.118795925603,4.96613619506116,33.3599801474859,80.8582791880015,-2.79580875019483,19.4481965122181,40.0446643591347
Lycaenidae_Agrodiaetus_amanda,24.4293226338819,10.7575581468321,14.5204825111091,45.6413659357065,5.76019557768184,-20.3813072171505,41.1468023049382
Lycaenidae_Agrodiaetus_aroaniensis,32.4063125357778,9.84411846573526,23.8191559888315,27.7206467567027,11.2025706754629,22.0124683203493,5.20240103517162
Lycaenidae_Agrodiaetus_damon,29.8342415136387,1.11433552307795,21.4780327317846,60.0160200067554,-7.08512716458059,3.57420669517289,36.037729230948
Lycaenidae_Agrodiaetus_dolus_dolus,36.9217191673528,5.28817091632991,26.6784898458656,71.0267651814469,-2.80186712349314,12.9153212427745,37.6567084210287
Lycaenidae_Agrodiaetus_escheri,33.4025512927752,5.92648848841466,24.0047403095043,49.9282330209173,10.5228030567604,-28.5070420037341,55.2422985211874
Lycaenidae_Agrodiaetus_fabressei,42.4674961297807,5.78319816529072,35.3805527664858,32.0340881065063,7.2865519377434,28.4496930051728,12.6155813411933
Lycaenidae_Agrodiaetus_galloi,32.0276973224319,5.18573929099098,21.6662229510841,31.7635268272294,5.97209459071391,22.9416530943225,1.52146730435428
Lycaenidae_Agrodiaetus_humedasae,20.4398490870412,5.69878146080564,16.5850900932866,18.2517831790133,6.05640403983983,14.3263077735832,3.16506301591516
Lycaenidae_Agrodiaetus_iphigenia,29.6140335821667,1.42764788896394,18.4996021793962,52.7809986674267,-0.461222422600772,-23.2678938029036,47.7995797360917
Lycaenidae_Agrodiaetus_nephohiptamenos,30.7710708247488,11.9492098727989,20.0379449911777,26.0513116820873,12.0834373262392,17.5460390891411,5.33888924764306
Lycaenidae_Agrodiaetus_pyrenaicus_pyrenaicus,37.3156794530257,0.700347646975085,11.0000783358287,66.3086654147759,0.550861211357905,13.634280257144,29.1127910193258
Lycaenidae_Agrodiaetus_ripartii_ripartii,29.9674828677526,11.029820054438,20.623066710927,25.5249641154405,10.2098199819842,17.1618700126737,5.69106805155831
Lycaenidae_Agrodiaetus_thersites,27.1900988177756,10.5872842348855,18.6128857647223,43.8117569103071,17.9452591287889,-36.0239922728022,57.5813142779119
Lycaenidae_Agrodiaetus_violeta,37.5531288433837,6.89456162272533,28.2661133453978,29.0478333749607,7.31613956541916,22.6905312965937,10.1786489353887
Lycaenidae_Albulina_orbitulus,30.6619205237357,8.16544985615405,14.0525924431028,34.974819222675,17.5648258024278,-37.00656973755,52.095944237118
Lycaenidae_Aricia_agestis,30.9200045386966,11.6202747376369,18.4271844878178,29.637401330556,10.4291576135949,16.2917673746457,2.76112970357185
Lycaenidae_Aricia_artaxerxes,26.7925099976234,9.31783269718067,19.7412522113716,23.9713954961968,7.72479748134399,16.8961083188658,4.31176205258567
Lycaenidae_Aricia_morronensis,31.1455726181474,4.93212550568624,21.2697547381634,31.7867649909634,3.69306723653194,20.3687028213848,1.66080932380792
Lycaenidae_Azanus_jesous,51.7543025301645,3.02849082680306,34.1059962081757,60.2921664240991,7.78316520336618,12.7592837498145,23.4773120496886
Lycaenidae_Azanus_ubaldus,61.2342949281688,4.89667617325472,40.9101277866525,67.9208146941495,2.93810572930616,21.7596237663731,20.378600270762
Lycaenidae_Cacyreus_marshalli,31.6509377944784,-5.48990274540502,25.9938259025266,33.6007355332841,-3.75041832153574,26.6708817707677,2.6992446965504
Lycaenidae_Callophrys_avis,36.8346932709758,13.3016814414383,24.1993661938652,29.3729638952033,10.6596928874556,16.3422267664993,11.153122826263
Lycaenidae_Callophrys_rubi,34.4176772475924,6.56967364388164,14.7891238987129,30.9803095656317,6.29545190671455,12.9737227835086,3.89697002185133
Lycaenidae_Celastrina_argiolus,48.8519244444019,8.3225971818876,-25.2166177021434,49.7630544988622,11.1428589662749,-33.6934502021758,8.98001802571811
Lycaenidae_Chilades_trochylus,34.5607821688406,1.22679737412877,21.3845026516422,33.8083198681275,-0.883602449421515,19.9730278214231,2.64806497759736
Lycaenidae_Cigaritis_allardi,40.0741324420363,15.0420918026517,33.4765577511789,36.522725338547,16.2807788650103,28.6654063711912,6.1068826461891
Lycaenidae_Cigaritis_siphax,46.6784342782887,17.0701773384008,39.1924981292382,46.988945550661,19.8311884209559,39.8054291208089,2.84522123018412
Lycaenidae_Cigaritis_zohra,51.972717647715,9.81973686379181,34.8361617391289,40.3972670144981,14.1411248289791,32.4256340912036,12.5887288813891
Lycaenidae_Cupido_carswelli,29.6879890100984,-5.59911898921837,18.917983173344,26.2038038087197,-5.42634560770767,12.0337943745959,7.71760666111414
Lycaenidae_Cupido_lorquinii,27.7767563922267,-7.69223152603539,14.8318582127748,33.0684182741014,10.8412359663739,-24.4206958181542,43.7293276956698
Lycaenidae_Cupido_minimus,27.5475914105947,-2.7777065982173,22.1475899104227,28.4371687372569,-1.34379343435489,17.3707992042094,5.06608174357408
Lycaenidae_Cupido_osiris,31.4267766374536,-6.74330987631737,20.1238788380194,37.9058604103727,17.4698678345547,-37.0380765118141,62.4159085555208
Lycaenidae_Cyaniris_semiargus_semiargus,22.757082056287,7.20259593056034,10.3686590028851,26.4695528487482,23.5172315491001,-33.3753001732578,46.8346425112294
Lycaenidae_Cyclyrius_webbianus,25.3254721516964,15.6474727433083,18.9203180716271,30.5284172167119,13.8453817577371,1.7541498521557,18.0276315862355
Lycaenidae_Eumedonia_eumedon,26.9109871559027,-1.80019644624078,19.2148370423908,17.3594328782,-2.46179479157442,9.27540204742817,13.8008068427008
Lycaenidae_Everes_alcetas,29.476742373218,3.59540093841482,18.7441949027029,50.0990705805968,12.3956919197327,-24.89135822426,49.0590158762354
Lycaenidae_Everes_argiades,45.0431054591277,3.72900157373549,6.47868927398895,47.3333155513596,10.4554261377178,-23.1452152344909,30.4641685921188
Lycaenidae_Everes_decoloratus,24.1259267822415,4.02667195757639,14.1597731602527,50.8056411533367,2.03903072741461,-10.7781177888799,36.5739836711
Lycaenidae_Glaucopsyche_alexis,32.566622141302,-1.287659857062,21.762770040266,47.3027625491812,6.65487582940598,-29.7635131421028,54.1774451763943
Lycaenidae_Glaucopsyche_melanops,48.6886378373915,0.843181506629787,-3.05103666441349,56.1116732062336,6.78704721641575,-24.2139837846221,23.2013216105418
Lycaenidae_Iolana_iolas,41.9577912088622,8.37597849360143,9.88641363946713,50.4601924606625,13.4836802072215,-24.3013592802895,35.597517624896
Lycaenidae_Kretania_eurypilus,39.4427648251973,11.4604457609588,23.2703729039016,37.5096347758294,9.13351434706728,21.7519797443369,3.3848366843524
Lycaenidae_Kretania_psylorita,43.6360426965205,11.6131650956258,29.0729519408264,37.097875741071,9.95415229704313,20.8141250818847,10.6634033820901
Lycaenidae_Laeopsis_roboris,27.7614724193781,5.50955207167283,3.53272649699371,27.7398635532582,8.11863992503967,-0.057093493608184,4.43786141453362
Lycaenidae_Lampides_boeticus,39.7372906815719,-6.09865966088519,21.9980137607067,49.6266170161877,2.15832363460128,9.80406750006076,17.7389084754951
Lycaenidae_Leptotes_pirithous,49.4746262413718,-2.38858388324765,29.8190421132758,50.8104791867671,3.23233858584255,11.2141191583506,19.481335443289
Lycaenidae_Lycaena_alciphron_alciphron,24.0401445317892,2.84834466611325,19.5110729531627,43.3238245365696,13.2287411660773,31.3128518215613,24.8775989693904
Lycaenidae_Lycaena_candens,32.6428048209174,10.4132679542168,29.4488718871482,33.8056795279309,21.72447754552,30.2660762751466,11.4001562714888
Lycaenidae_Lycaena_dispar,26.6532020024515,16.0961484919934,20.8650506407305,40.8820940487693,30.6041450596633,37.6053793852506,26.328348595153
Lycaenidae_Lycaena_helle,22.6898164354196,12.59762571507,10.5574110266739,22.3089523195469,16.178228731048,-1.0085798681849,12.1135428679122
Lycaenidae_Lycaena_hippothoe_hippothoe,35.6490293717486,14.8225279859834,30.3015721668111,39.0524930647967,30.3985490834043,35.5468587086642,16.7841898596072
Lycaenidae_Lycaena_ottomana,38.6865292507784,19.5980095519226,36.2416587293232,42.944687707438,33.6364687573996,43.617046895159,16.4197016082089
Lycaenidae_Lycaena_phlaeas,27.294310436672,12.8893431056509,15.8560705235137,28.9995913024613,14.0457859160474,20.8396481895678,5.39271630614275
Lycaenidae_Lycaena_phoebus,45.8713621974053,26.0925301887609,43.4969169711411,45.1276422854346,32.2666798111641,42.2542788219711,6.34171841357342
Lycaenidae_Lycaena_thersamon,40.9762141286347,22.133860066377,36.0476344867043,46.7586490560688,31.2346413165901,43.0309322554339,12.8462921024311
Lycaenidae_Lycaena_thetis,55.0860074579553,10.3463172413597,46.9742086978252,49.3347658872701,32.2633280559633,46.7988811773882,22.6597193802406
Lycaenidae_Lycaena_tityrus_tityrus,27.4206878816856,8.3170857384778,20.1080656693325,25.3006526818289,-0.862752725175587,13.1498202387679,11.7124362512406
Lycaenidae_Lycaena_virgaureae,34.6476053912927,17.5374462783793,32.1839151417513,45.9090704719955,34.4028243438059,46.7975326795542,24.9963875509011
Lycaenidae_Lysandra_albicans,29.4162094036924,9.27077600618434,16.8160801250755,78.9249919479942,-1.41050225431096,7.6750894195373,51.4661730204979
Lycaenidae_Lysandra_bellargus,22.0305531883064,8.10063105723179,11.0967402700988,50.4521231217404,9.19935385825172,-30.6988740248655,50.5555753954793
Lycaenidae_Lysandra_coridon,29.108227995023,2.62761190992945,17.7693863514091,67.6752833608469,-5.83068052438615,3.28618437359691,42.0561958577453
Lycaenidae_Lysandra_hispana,22.5376334980257,10.0556081842523,11.8082490730498,66.477473764756,0.833705650440575,-2.2460254218815,47.0454639746253
Lycaenidae_Lysandra_philippi,28.0415793450444,7.5457770847623,14.5034442716148,60.4316609953647,-1.05128850699896,-4.29685691239912,38.4249691049075
Lycaenidae_Lysandra_punctifera,27.278734334091,12.7992241054222,18.0748597232988,56.919451980727,5.53579782600843,-22.9444900256239,51.1264760935908
Lycaenidae_Maculinea_alcon,38.2658822745582,-2.00635747394031,22.8784320922911,47.3774541223995,12.0694037501262,-18.4932811016663,44.6404127241044
Lycaenidae_Maculinea_arion_arion,47.9714213251848,6.06924385192702,-4.32430665158145,49.4918423563653,9.95178352466582,-14.459491909954,10.9593692630543
Lycaenidae_Maculinea_nausithous,34.3874047247505,-0.311455615771274,30.635477347154,39.0310896920416,1.70319444856652,15.9490830487845,15.5342461176705
Lycaenidae_Maculinea_rebeli,47.0647049215738,3.04672186506531,10.0569944868563,51.9871667887289,12.0594156052151,-21.7840870602382,33.4561467203868
Lycaenidae_Maculinea_telejus,43.7320155251266,0.160266629543579,12.79297692487,56.1643487864543,0.775867595688081,-2.7135558539512,19.8845274947858
Lycaenidae_Maurus_vogelii,39.9267838903341,6.87398569019523,26.8782699283046,43.2499868037892,6.33216010465535,26.6788097646306,3.37298635129688
Lycaenidae_Meleageria_daphnis,42.2613164687865,5.71507455317527,-10.363932147226,55.1105588545686,-4.05439726846581,-12.3273564845087,16.2604011233011
Lycaenidae_Neolysandra_coelestina,26.5708623930533,9.29842386410302,15.605748915729,27.2441539932246,18.959096967252,-34.2722326768798,50.8093984823417
Lycaenidae_Plebejus_allardi,38.9004110174671,4.1604841164818,5.63170918435927,53.8793674908976,12.1202973843029,-18.1934990202924,29.2466803293384
Lycaenidae_Plebejus_argus_argus,27.5890514517188,-1.57689363080194,21.5959387587732,40.9750484144675,10.6613062329833,-24.0389441440435,49.1070360350374
Lycaenidae_Plebejus_argyrognomon,32.7521093281306,14.642126348366,-4.03242909408933,29.0484781458631,20.3646294557919,-28.3577648718661,25.2623412701664
Lycaenidae_Plebejus_idas_idas,35.7559461236494,8.35636860782623,1.5199989451365,46.5268554314393,14.9173391911928,-11.0333692203911,17.7945462041525
Lycaenidae_Plebejus_loewii,33.8401166875924,3.26455789680814,26.173056987463,49.4403433384337,2.48258436425476,-26.2606021329054,54.7107591147685
Lycaenidae_Plebejus_martini,45.7254227170115,4.48059732776376,9.19064999137867,52.5541724144054,13.0052882652666,-19.4353779644833,30.639054400216
Lycaenidae_Plebejus_pylaon_sephirus,29.7119142904774,10.2338263208164,19.5260128181951,29.7213177185019,10.2535280146353,19.5915259393215,0.0690546901931275
Lycaenidae_Plebicula_atlantica,30.0815576620075,13.6378483860691,16.9734318090649,57.6662485917555,6.709359351984,-19.7310329405881,46.4342208564295
Lycaenidae_Plebicula_dorylas,32.0510163807091,9.52861774629938,19.6380486757791,55.3310997924659,4.53782286626443,-29.9088683714914,54.9706040178025
Lycaenidae_Plebicula_golgus_golgus,37.030224852304,9.93266500463021,22.5020173931493,54.317215832698,0.89502271813626,-25.0591888464974,51.4061024998497
Lycaenidae_Plebicula_nivescens,31.0707093553876,12.6181458468803,17.2130220410811,75.6910041053248,2.41512692314155,4.12703163635988,47.6058341340839
Lycaenidae_Polyommatus_eroides,28.4311147231611,11.9281437902685,17.8575180901322,45.885500240313,2.51415915648651,-27.1305226019379,49.1650535012198
Lycaenidae_Polyommatus_eros,37.308192882401,9.22273508710147,19.8306990307231,61.6293728252377,-6.6246344690702,-6.41603977797296,39.1350254088793
Lycaenidae_Polyommatus_icarus_icarus,23.0932184735637,13.9061396420372,13.7618808385275,36.1771934673606,25.095276014603,-39.1786338868584,55.6694285383906
Lycaenidae_Polyommatus_menelaos,45.243926540002,7.0179991952879,24.8403381658612,65.7855943257679,-6.36781820683975,-1.31865069633133,35.8529346251627
Lycaenidae_Pseudaricia_nicias,35.2328983634537,8.69641933250546,25.8399825468396,53.2085784067941,-3.36929734428728,19.8156501101864,22.472186659346
Lycaenidae_Pseudophilotes_abencerragus,39.9190611661987,2.88575183388111,2.77952928414775,40.5792131005656,6.76432713131461,-12.4430163660689,15.7227555786903
Lycaenidae_Pseudophilotes_barbagiae,38.6091338889295,-7.13203464599878,24.5380500949625,43.2640333651875,-5.99031840637685,18.1414039678858,7.99303989611774
Lycaenidae_Pseudophilotes_baton,37.3475072020472,5.42027187064151,-6.69223678546316,56.8213754299719,3.6986503638193,-8.18574325258641,19.6067867316056
Lycaenidae_Pseudophilotes_bavius_macedonicus,30.8416085209132,-3.45160846104691,6.47887595310394,30.6785556170916,-3.49842327670004,6.57421874928161,0.194597341174709
Lycaenidae_Pseudophilotes_panoptes,45.0298924160358,4.70983695912066,-9.34763194220441,51.7520254086444,5.09683605058822,-12.7822054014055,7.55864638105014
Lycaenidae_Pseudophilotes_vicrama,39.0982088311735,0.940856181169993,1.23382590279231,54.4894180143307,3.5954742161629,-12.9174940109097,21.0759619550651
Lycaenidae_Quercusia_quercus,19.3581557142588,6.21365520805408,-1.11878691359567,24.6048965131611,9.47471804972558,-14.956699194322,15.1542283260241
Lycaenidae_Satyrium_acaciae,25.9351791816225,3.29843811546988,8.70638177457752,33.6630409678726,1.87890398013786,11.7787103709994,8.43647603879427
Lycaenidae_Satyrium_esculi,28.4930731298686,0.100966444485865,10.3206332165411,21.3813009485191,3.3441765241408,8.88819331062619,7.94654637337811
Lycaenidae_Satyrium_ilicis,27.076889631924,3.33610220605565,10.5226166025609,21.5111851713417,3.37441507105703,6.46516340811604,6.88777616094492
Lycaenidae_Satyrium_ledereri,32.0181796190075,3.68201143933531,13.9656998768751,33.2098322212102,2.75978095474895,11.577606293006,2.82374502325429
Lycaenidae_Satyrium_pruni,26.3746692220337,10.4536741777631,18.1901715735929,23.118791837731,8.74228097742023,15.8430379477743,4.36332905993134
Lycaenidae_Satyrium_spini,30.5495449247187,5.33295709775864,14.2642415430565,29.0975582605558,3.94034360238791,13.9863209386389,2.03097943927443
Lycaenidae_Satyrium_w-album,26.4381368422221,8.9492115882922,16.7447015675628,19.734277713809,6.45882433860803,11.6352416437452,8.7892170629753
Lycaenidae_Scolitantides_orion_lariana,29.1752808866516,-5.95117431958348,16.7428113567464,26.8268955076196,-5.9282368268732,5.63230114455576,11.3560062166334
Lycaenidae_Tarucus_balcanicus,52.28396126,-0.610155367975892,34.3999166832758,46.5620188783201,8.49622330413295,10.8894290485902,25.853622298622
Lycaenidae_Tarucus_rosaceus,55.5044060761341,1.61386359854382,30.1549828956578,53.4597962142318,9.93135067498488,9.21108271000213,22.6275932379222
Lycaenidae_Tarucus_theophrastus,41.4024492599694,0.532453179467753,21.3134967077962,49.9847853780226,9.57675165624446,2.56990791247644,22.5117291452323
Lycaenidae_Thecla_betulae,27.1606202521335,8.88597194586808,14.269850341512,21.5689588097089,3.47411248339662,8.90980865489511,9.44907124592203
Lycaenidae_Tomares_ballus,48.5227671866788,14.0655446880186,34.734067909233,42.6350521568478,4.92398302576396,20.2000225816474,18.1513583921869
Lycaenidae_Tomares_mauretanicus,47.402078758225,11.9572900147082,33.7378754657222,32.1119942625275,9.39136994130274,19.1945208433492,21.2574644156064
Lycaenidae_Tomares_nogelii,47.5668607620455,15.9200396542333,37.5987312298358,31.8672325997438,14.3776320590295,21.4544722508278,22.5719835992666
Lycaenidae_Turanana_endymion,32.9890432799282,-1.43124815650581,16.8138195233107,33.0232511360135,-1.38540403911689,16.81925788208,0.0574581261722355
Lycaenidae_Turanana_endymion_taygetica,38.8720820541181,10.9745477254067,-22.3561207286769,39.0081284786718,10.8171539253152,-22.0645696895598,0.358166785661828
Lycaenidae_Ultraaricia_anteros,33.6062794581292,10.064426457471,21.9654501918112,56.4488153576172,-4.45393837278959,-4.67910614373728,37.980215191362
Lycaenidae_Vacciniia_opilete,38.3852813879454,-2.97276966419382,8.99026151318785,30.9578458047148,19.7858658457606,-38.1468862105379,52.8680715096204
Lycaenidae_Zizeeria_knysna,31.2060265159698,0.846100806890642,1.7513321327184,32.6804156805842,10.8445897081761,-18.761875474643,22.8677784242495
Nymphalidae_Aglais_urticae,35.5855861308333,8.76721786701998,28.9061698643159,35.4657805726034,8.68510346690848,28.7200919794877,0.23605322643545
Nymphalidae_Apatura_ilia_ilia,36.186388765483,-1.08871242141093,17.7974139728169,31.554816096374,4.07129230271859,4.95397075975535,14.5955865832591
Nymphalidae_Apatura_iris,36.3471506588689,-1.30188130405311,18.5419184152411,30.8347061916626,1.50983580339108,6.70843429330633,13.3538063322938
Nymphalidae_Apatura_metis,50.8393313125685,9.54917942241929,43.4168485607701,40.4840091619445,11.2603236957572,28.5020068570313,18.23768665744
Nymphalidae_Araschnia_levana,39.3126580330139,10.8503088901059,32.0757567804747,37.4414067010515,11.2119507788938,30.2373241976638,2.64805603502607
Nymphalidae_Argynnis_adippe_adippe,46.3590015400207,5.1379487834877,42.8840529191548,40.558616444871,12.4178041447018,40.9326091194352,9.51046235656796
Nymphalidae_Argynnis_aglaja_aglaja,36.8450169242987,6.87388756216681,32.9332766778102,36.8050004863753,13.0589725330172,36.0018967949905,6.90458592788206
Nymphalidae_Argynnis_elisa,42.294420998997,17.4470402855785,41.386121178542,44.5388118092561,22.2690453658045,44.1757956650921,6.00593929737962
Nymphalidae_Argynnis_laodice,41.6919196402509,13.4002346388787,39.8948158727401,40.5163529422538,17.3942534268599,39.3616697233927,4.19742634917528
Nymphalidae_Argynnis_niobe,44.6598828754333,0.936860878426797,37.994033410055,43.7973568230735,8.67340372954915,41.1121597794792,8.38574734498664
Nymphalidae_Argynnis_pandora,38.5653264646383,-3.04672801225432,29.2142765617054,35.3791551609399,-2.40632541971653,27.6258329732844,3.61731338020861
Nymphalidae_Argynnis_paphia,33.1008552359546,11.0165093322332,31.7081094170952,39.3838069592278,21.1053871397564,39.6094056588568,14.2720503107364
Nymphalidae_Boloria_aquilonaris,38.3325194132627,14.4342681227072,35.1389937083676,35.6648061091238,20.1293564663976,33.3478928237016,6.53901887859104
Nymphalidae_Boloria_graeca,45.1975270959566,12.3750566002038,41.3419234524946,43.4844137160067,11.3850002201376,40.24995276409,2.25994890929156
Nymphalidae_Boloria_napaea,40.4263282269389,5.59074722952322,28.9678222283318,39.538581377855,19.1743457826474,36.1782868853067,15.4043190271423
Nymphalidae_Boloria_pales_pales,37.8508958774908,19.5523744510336,33.7334881848883,41.184544661605,18.9094636683211,37.1061429306078,4.78553534353035
Nymphalidae_Brenthis_daphne,42.5947629098535,18.8427466422781,41.0514725802902,41.7214836324153,19.5951743263024,40.8558214281171,1.1692063502376
Nymphalidae_Brenthis_hecate,41.0267278651901,11.9955749303872,37.864385470276,38.0216310102243,19.9917122937412,35.7084900398912,8.81003433296965
Nymphalidae_Brenthis_ino,35.5858074675672,10.1465306421622,32.6698652696863,44.3864975608579,19.587217829282,41.807414810246,15.8137134250427
Nymphalidae_Charaxes_jasius,26.6804253232602,7.35041019362052,15.8280607750651,26.8004421080631,7.45946098356871,15.8965830724687,0.176043769171855
Nymphalidae_Clossiana_chariclea,35.9956060811994,12.0522512429081,34.3236219914325,31.0228055441916,11.2069698112029,28.1000672794133,8.01098490406433
Nymphalidae_Clossiana_dia,36.3124749695925,11.4336060551966,35.3785164889682,32.3662664014934,13.6108191727379,31.213008373164,6.13712285073081
Nymphalidae_Clossiana_euphorysne,37.4121498356423,14.7903334193122,35.690895188466,38.4878960257181,16.7067462030254,36.7414382011805,2.43587939861674
Nymphalidae_Clossiana_freija,36.6499132171343,3.14360602246925,32.6188229627769,34.0418721716039,9.77986875535651,31.8777405212673,7.1687561222428
Nymphalidae_Clossiana_frigga,27.6504187218445,7.88892734436786,26.3208887419954,30.2634471998399,12.8484141695069,28.4351457863965,5.99120273779332
Nymphalidae_Clossiana_improba,36.6481497954616,5.32359606854171,26.5682741598589,32.709133045107,1.16464323131854,19.3007078988637,9.25366203293466
Nymphalidae_Clossiana_polaris,36.4242651788671,3.49463736149224,33.194689850638,38.7380798100561,6.68195733928906,34.8607055468608,4.27648864004431
Nymphalidae_Clossiana_selene,33.8993488533137,7.90038335634705,29.6698290030852,32.8684742427686,13.3939738081607,31.8685680599432,6.00638759614116
Nymphalidae_Clossiana_thore_thore,28.062216610041,9.02663110946463,25.8488382088591,25.0505003444054,6.04498149812523,21.3770287264599,6.1609860668865
Nymphalidae_Clossiana_titania_titania,44.0013257064454,7.44332403652233,42.6203940796659,38.8879240572081,10.1922280288767,38.9370382009103,6.87535163574696
Nymphalidae_Eurodryas_aurinia,40.3210622618849,3.70440362204675,31.1712114126934,38.0791296984224,5.37556545545338,29.7062538636726,3.15676164969443
Nymphalidae_Eurodryas_desfontainii,44.0049008982685,5.88005842193195,34.7158539625388,42.4569754510704,8.18129452790734,34.450202263375,2.78609612734323
Nymphalidae_Hypodryas_cynthia,36.2702383704182,5.43081887932186,30.7987094372254,34.1910814649878,-1.18281024572901,13.8173088806378,18.3420540971941
Nymphalidae_Hypodryas_iduna,40.8886977642712,-0.118747600519585,24.5199833996291,35.2154451154997,-1.55685063363613,20.1673208521588,7.29380608480934
Nymphalidae_Hypodryas_intermedia,38.0732684487046,5.32800704939476,28.3159453320827,42.4619739038516,3.68144892801776,29.6745448527876,4.88033624628151
Nymphalidae_Hypodryas_maturna,31.3169111829437,13.4968267545029,26.2696071507724,27.8582035570051,10.6626039356111,21.591661005769,6.47137215468284
Nymphalidae_Inachis_io,31.9957951814308,6.27629232612633,21.6537471054513,32.0390160611113,6.16527143839459,21.7722094519485,0.168008956578864
Nymphalidae_Issoria_lathonia,41.0171755881362,9.15186160381541,35.6642347536957,42.4096737916417,16.7392248345117,38.828722413334,8.3379322490226
Nymphalidae_Limenitis_camilla,22.623194352193,0.211941445689193,7.7034932684151,22.4902396074402,0.217483174526799,7.66489144816033,0.138556037175482
Nymphalidae_Limenitis_populi,31.4827413384897,2.54047816692049,13.8291193042224,25.2869734532584,1.79530157750018,9.0205585595134,7.8781396454138
Nymphalidae_Limenitis_reducta,23.621540531037,-0.353433818040784,-1.14224657588674,23.6797781637514,-0.412117291523898,-1.10724094484866,0.0897817694668644
Nymphalidae_Melitaea_aetherica,34.0800763443101,10.5463408584035,31.6871405541851,37.3536825138349,22.1180357405066,37.3988970937202,13.3133310093517
Nymphalidae_Melitaea_arduinna,34.0336967019811,-0.429759160719767,29.894372061545,39.2397057702048,11.7264109487241,35.8092690038328,14.4865802723089
Nymphalidae_Melitaea_cinxia,34.7017952393701,-0.178119337847489,27.0607132469194,37.7028354987312,9.10402389678308,32.7200623692797,11.2779722537017
Nymphalidae_Melitaea_deserticola,51.8775905854631,16.9288685145013,51.3952925959173,44.341189059458,22.5052131772969,44.4125690783387,11.689798778525
Nymphalidae_Melitaea_diamina_diamina,34.1915398080337,6.37642820994749,29.369380571145,27.3672892358368,8.36107910797824,24.6501813888302,8.53112395769418
Nymphalidae_Melitaea_didyma_didyma,45.1341446363486,11.3970414465025,43.8896556482248,41.1775015185296,15.0936434281736,40.8739213281704,6.19794679404663
Nymphalidae_Melitaea_phoebe_phoebe,37.3383557319651,2.37835188952904,33.195304028336,34.2625927012555,3.22079559368945,28.4843895975316,5.68882627526281
Nymphalidae_Melitaea_trivia_trivia,36.545043359639,11.0553979042056,35.45600570035,37.7808700030297,12.2903460687188,35.0239454571189,1.79973345674564
Nymphalidae_Mellicta_asteria,39.9413735867164,2.3302526357382,24.1936270707825,35.1112755680753,3.52309463600748,21.6197858419747,5.60155135461585
Nymphalidae_Mellicta_athalia_athalia,30.3831551962982,10.7142225697618,27.0600197768296,24.7241450871263,10.215938448897,23.0171642733487,6.97261522693174
Nymphalidae_Mellicta_aurelia,37.1744062683053,9.11850805429509,29.8101141092022,29.4870664593233,11.2283400263049,25.5987945201184,9.01564179469633
Nymphalidae_Mellicta_britomartis,31.8960061091503,12.6882150199691,27.8150017622069,23.7439522985407,10.4239745034473,20.1590813745996,11.4103410741798
Nymphalidae_Mellicta_deione_deione,37.2042947059195,-0.264866253562333,31.8524856680944,35.2717506339646,7.67241456087928,33.7121607186202,8.37815878405867
Nymphalidae_Mellicta_parthenoides,41.828498056217,9.20531589357695,36.7556434490564,39.7971700062205,13.2221355331377,35.8417866650558,4.59306737215204
Nymphalidae_Mellicta_varia,34.9290008494063,11.5147008726298,28.4286763352612,32.7514260278914,17.3703179130903,28.4359052677575,6.24741028629397
Nymphalidae_Neptis_rivularis,25.138156606031,-1.34890849719086,8.10230869738895,25.127252423985,-1.35102698536993,8.10618982710233,0.0117665775019682
Nymphalidae_Neptis_sappho,36.3011836960181,-1.26757133552329,10.2598159977663,36.0869257862412,-1.23106871790743,10.3127957654604,0.223709071742021
Nymphalidae_Nymphalis_antiopa,29.8475562104341,-1.83928823032793,18.3208469563724,29.8802887918111,-1.86471469835088,18.3730817905309,0.0666813696567014
Nymphalidae_Nymphalis_polychlorus,37.2984153079578,7.47663802219114,31.4653606725933,37.2068853686325,7.45292954271366,31.4089878454774,0.110080504309654
Nymphalidae_Nymphalis_vaualbum,31.866364616329,8.190682567269,26.2608743424291,32.0590272556676,8.21968062361956,26.5167092291676,0.321576226020451
Nymphalidae_Nymphalis_xanthomelas,34.835103764739,12.3963660647143,29.3952060038281,34.7086090514063,12.2508019682982,29.2170549861517,0.262540670688773
Nymphalidae_Polygonia_c-album,37.4654064191795,11.2870311493423,32.6073660461216,35.491243446321,9.03049631420115,29.6536082031478,4.2087948750848
Nymphalidae_Polygonia_egea,50.6603771753886,18.8904476690789,48.209510674109,39.5449008962853,15.7282953344096,34.888892158287,17.6349623743013
Nymphalidae_Proclossiana_eunomia_eunomia,42.105126264778,7.92371432140465,39.8555382623433,41.9085256205225,7.76318836723166,39.5878878097951,0.368859268602652
Nymphalidae_Vanessa_atalanta,20.5153521214445,7.54702570136904,12.890611836899,20.5514923988634,7.55782655862174,12.9232841443561,0.0499024833437371
Nymphalidae_Vanessa_cardui,35.3888088925989,11.1629276521196,28.3578461163079,35.2710250225986,11.1875212468932,28.412753220216,0.132259876741598
Nymphalidae_Vanessa_indica,25.5534799031319,9.74473897780116,20.2835004431996,25.6212105226286,9.88125045766562,20.4502671363068,0.225906951823294
Nymphalidae_Vanessa_virginiensis,33.6131533742665,13.799022597972,29.0969969858302,33.4997089789554,13.7456108975179,28.9425760758484,0.198917716688467
Papilionidae_Archon_apollinus,46.1691318721977,-3.0670403938332,24.0457720741143,64.2214592137092,-4.51315830780154,27.6418537287546,18.4637369655502
Papilionidae_Iphiclides_podalirius,49.9683042449693,-4.91750279238547,25.240307463595,50.0480360786779,-4.92130380126344,25.4266892538854,0.202755480140198
Papilionidae_Papilio_alexanor,50.0533494343151,-6.73589831924692,35.3635592585976,50.0396677149653,-6.80364467228252,35.3797472235135,0.0709845617166764
Papilionidae_Papilio_hospiton,39.1111402691198,-4.27950700861365,28.4794697067065,38.8947343002362,-4.22509333032173,28.3284694041278,0.269431778252982
Papilionidae_Papilio_machaon_britannicus,43.4092238689841,-9.22995824499828,34.9436993075522,43.3638031343763,-9.20021876944863,34.8749662495559,0.0875883142879716
Papilionidae_Papilio_machaon_gorganus,45.0499697043607,-8.72262855151794,34.9734973439853,45.0477541740163,-8.75698837221163,35.0680862137934,0.100660618636954
Papilionidae_Parnassius_apollo,66.4156214848642,-2.45673151869149,10.5151271835085,66.4394219734168,-2.44712552074421,10.4731993129117,0.0491597882896582
Papilionidae_Parnassius_apollo_rhodopensis,57.8847805958234,-2.52030029503515,15.756623072867,58.3118001277872,-2.54627546500306,15.9069363790667,0.453447328974518
Papilionidae_Parnassius_mnemosyne_athene,71.1349955924626,-5.17405031124628,18.6472343603243,71.0653564855665,-5.16827197148617,18.6185935512674,0.0755201321708231
Papilionidae_Parnassius_phoebus,62.3709579962789,-1.15274242642228,18.5480340585233,73.7724890675932,-3.30277728715671,19.8425027117999,11.6744682862576
Papilionidae_Parnassius_phoebus_cardinalis,59.4834787310754,-2.73245632866368,28.3383899853359,59.357727508429,-2.64451839997013,28.2794432055158,0.164381179431025
Papilionidae_Zerynthia_cerisy,48.7239522501581,-4.65666949750392,25.3784321717506,63.6903482278456,-5.85487860803299,41.8331764417944,22.2752625714274
Papilionidae_Zerynthia_cerisy_cerisy,45.5568306290588,-2.76190489229977,28.7502808195273,45.6086248782049,-2.78400818555098,28.7902575691193,0.0690604106930782
Papilionidae_Zerynthia_polyxena,47.2274673241191,-1.86433042863036,35.8617844737367,48.0460242569339,-1.72802088649883,36.2539711408845,0.917837744606214
Papilionidae_Zerynthia_polyxena_ochracea,36.9652775156543,8.50054963533763,33.1711100128126,37.1828833860506,8.53662602985386,33.286999143077,0.249166834842939
Papilionidae_Zerynthia_rumina,40.433732160305,-2.46098804179684,26.8895721759869,39.9318639173581,-0.729253596735868,30.2507629644297,3.81423379432909
Papilionidae_Zerynthia_rumina_canteneri,35.1823468896162,5.81723799024483,31.5347582437583,35.4328524118038,5.84880358918113,31.7231123859571,0.315002677077731
Papilionidae_Zerynthia_rumina_honnoratii,46.1417793585114,2.31705963187499,30.9317258825394,46.2389066842733,2.33878522925453,30.994688255666,0.117770876794314
Papilionidae_Zerynthia_rumina_medesicaste,41.6423226029896,-0.753425292995989,28.8911544316967,42.13895233046,-0.741101475445481,29.3030550055829,0.645333282462739
Pieridae_Anthocharis_belia_euphenoides,81.7124654422908,-4.80967516785696,30.428885792017,70.624273488,-1.8972894266453,67.9405444673695,39.2244123996391
Pieridae_Anthocharis_cardamines,79.2277786139594,-5.78134175218933,11.7626040545616,74.7351117196937,3.08481841518473,23.6461470601854,15.4923028082616
Pieridae_Anthocharis_damone,77.45041149357,-5.06301144945551,30.5676594660869,70.2810191898761,0.869615207585697,69.0146214652499,39.5571122811206
Pieridae_Anthocharis_gruneri,75.6186637934614,-4.06200688505464,21.5101572450341,63.8326951928555,3.65535274808761,46.8275651468802,28.9730536607755
Pieridae_Aporia_crataegi,83.1399475533629,-3.03670079722925,12.4117873092954,83.3118795995251,-4.01880846703593,13.6132533080323,1.56128685695852
Pieridae_Artogeia_bryoniae,60.9296412885102,-4.99678333500742,43.1652313168104,79.6586645813579,-6.9992230354442,12.4769685684355,36.0077151284445
Pieridae_Artogeia_ergane,83.4473826403776,-7.39187387577948,22.3227016576693,88.3409373716751,-6.32251988722543,13.885673915766,9.81192300105783
Pieridae_Artogeia_krueperi,78.4693460980353,-5.33044595882459,12.4272074238147,80.728238205531,-5.62773628314827,14.4405986950681,3.0405130325987
Pieridae_Artogeia_mannii,84.5290634518376,-3.56058191273845,10.8490134116006,85.7610449238398,-4.25036332162064,11.0603327827876,1.42766684350207
Pieridae_Artogeia_napi,78.1197186942494,-3.98279471045918,18.243270622303,78.1759254307791,-3.96645145705092,18.3288226803737,0.10366028074157
Pieridae_Artogeia_napi_napi,78.8661206610413,-4.97704133418987,15.3098749913082,79.1062531037037,-5.05021952354506,15.3763735835516,0.259693473515732
Pieridae_Artogeia_napi_segonzaci,70.3672834599121,-5.19157966745362,14.8010201308894,70.4132360010026,-5.19403329508856,14.7808631198686,0.0502390427311446
Pieridae_Artogeia_rapae,82.2335693430003,-6.166630943086,25.9263612131096,84.990482566685,-5.94285221163794,16.4513376802617,9.87049737306066
Pieridae_Catopsila_florella,87.9768643730977,-10.9162596599318,63.5022985644336,88.212767424243,-7.29441340761501,15.9057001476426,47.7347839774544
Pieridae_Colias_alfacariensis,74.6215552646773,-6.16089608742391,14.353527022579,76.9999629661597,-11.9073179481621,55.9357644535945,42.0447458925059
Pieridae_Colias_aurorina,50.1797279025835,7.49570704515107,41.8275405029592,48.9859076978787,14.8822381988085,37.0351978838662,8.88552738693033
Pieridae_Colias_caucasia,51.2247566175597,7.3837143085941,37.5770383504433,51.039557906783,16.7017121958031,41.0968828888178,9.96236361326111
Pieridae_Colias_chrysotheme,56.8796414684703,4.12899206322256,45.825650928494,56.9053360135172,4.06537785152837,45.9059849136782,0.105643394257405
Pieridae_Colias_crocea,49.1896165799068,11.02513028193,41.0907795872808,55.544995700181,7.31635496433855,49.0704164937773,10.8545134980022
Pieridae_Colias_crocea_helice,59.2456638022795,-2.01525994960345,14.648217359371,59.3732711096244,-2.05112729545871,14.7781598617765,0.185620972193139
Pieridae_Colias_erate,63.3420736634956,-3.85124315679198,49.1211697753512,67.3407244743021,-7.19759680006928,53.6576348768979,6.91135345863536
Pieridae_Colias_erate_white_form,66.1219026957944,-0.768591291767831,10.115970636645,66.0899377939126,-0.766842314626296,10.1169565925226,0.0320278938168757
Pieridae_Colias_hecla,54.686886621942,10.0079378395133,39.8792207821634,57.9368708202222,15.5188407914664,46.2305576073765,9.01509445886315
Pieridae_Colias_hyale,71.9301347228004,-5.49127122658963,20.2688668762707,72.5454302602638,-9.68630863994361,51.8443068814998,31.8588345521566
Pieridae_Colias_myrmidone,57.304646213876,8.62243481057634,48.7664450475922,55.5277602726216,12.9076022706733,46.4271123821476,5.19542694385333
Pieridae_Colias_nastes,63.2592533928499,-4.08109729619501,16.0089014591146,68.6205197524297,-8.32442423753491,23.8040424044631,10.3688583203413
Pieridae_Colias_palaeno,72.4990487844817,-2.80962650203878,11.6567413315682,67.4625969386833,-9.32080630669043,33.0044287497795,22.8797960600441
Pieridae_Colias_phicomone,67.5399522105481,-2.15594816535368,14.1941628137219,57.8736579037159,-6.04749337969705,31.3743550597649,20.0932918008119
Pieridae_Colotis_evagore,68.6897321666449,1.26605425370809,13.8759724150851,77.0196759801211,1.88369140365087,11.875859935989,8.58893995285191
Pieridae_Elphinstonia_charlonia,70.629790423317,-19.2204367606608,64.020973293401,70.3348267025536,-19.2027652203772,63.8259151190237,0.354067184717855
Pieridae_Elphinstonia_penia,73.9219801806251,-14.5492913381161,67.2963573772453,74.0046706625123,-14.5645994721156,67.2042896018224,0.124693744961764
Pieridae_Euchloe_ausonia,75.8917500205674,-4.6279961904302,18.5080049884371,75.0767733369564,-3.20666883037719,9.66704692421044,8.99149030765638
Pieridae_Euchloe_belemia,79.2142946229396,-1.97246892124232,7.9315889049565,74.8289121595852,-2.10214878495019,8.10139394575787,4.39058424003336
Pieridae_Euchloe_falloui,76.3733608187608,-2.53439794863567,14.7455882455701,79.6838055917023,-1.09922171381254,6.40182878172423,9.09049489358054
Pieridae_Euchloe_insolaris,80.1582832594064,-4.52714252091975,9.68396132593632,75.7137609281618,-3.56394495280546,10.4139477308094,4.60591016623779
Pieridae_Euchloe_simplonia,74.3719750198889,-2.31381342755299,19.5992305176485,73.5250302687279,-4.161705865622,13.3421258970198,6.57901057209094
Pieridae_Euchloe_tagis_tagis,78.3542496277623,-1.83540901540143,11.7769087693638,78.2059369173883,-1.83515072827509,11.7673254071441,0.148622231184138
Pieridae_Gonepteryx_cleopatra,91.7468476463253,-9.53526037238183,33.9167251702188,84.6777584369824,-6.73525419692073,74.3753388599282,41.1668735578184
Pieridae_Gonepteryx_farinosa,92.802496313356,-5.6547431911412,16.8523977162373,89.8103857920606,-15.1044386296625,71.0404384611449,55.0871421388352
Pieridae_Gonepteryx_rhamni,91.4606361168577,-6.36470505901932,17.3936335806482,88.0036360961294,-15.4945086335692,72.7766568672049,56.2368511815203
Pieridae_Leptidea_duponcheli,85.7173795587887,-4.41814911438614,12.3040680532758,82.0971063011306,-3.73307600526849,13.4711127948477,3.86493170104996
Pieridae_Leptidea_morsei,86.898269187932,-0.585045540289075,1.099888687725,87.952188940884,-0.60122043194519,0.806888300150627,1.09400991764303
Pieridae_Leptidea_sinapis,86.736378643834,-1.30983469750548,4.14766445702061,86.3409531161686,-1.0987115969229,2.19485570214374,2.00359585362239
Pieridae_Pieris_brassicae,80.6714763349992,-6.88159742494883,23.4382339790508,86.3754090013815,-5.4529065826558,13.840885064586,11.2554480839926
Pieridae_Pieris_cheiranthi,72.7784253842598,-4.61293418174617,22.4593427538877,72.8592296006358,-4.58142598483202,22.4682085083808,0.0871819331033764
Pieridae_Pontia_callidice,67.8795570966933,-1.4589272136649,12.5398277922557,80.3024115120052,-3.25024706222036,11.3709797726995,12.6056473184316
Pieridae_Pontia_chloridice,73.4818781638228,-2.52015416290674,12.6575038293488,84.3268802961222,-3.79451108256996,14.4305524523397,11.0626289021986
Pieridae_Pontia_daplidice,65.5237934642545,-5.28286758801108,15.5750251344948,74.0761495247492,-5.58144959437684,17.5847200568675,8.79038219197637
Pieridae_Zegris_eupheme,84.3218400216575,-2.42116679360442,15.2686804958084,81.9227838052762,-4.32690268280685,21.2186648809481,6.69250432888609
Riodinidae_Hamearis_lucina,26.0676866652461,10.1842290424882,22.6506264867484,18.4986515436359,7.78845452566636,14.0136574830216,11.7314646050252
Satyridae_Aphantopus_hyperantus,21.8845238412912,4.50941108486519,15.7659891909089,13.3850078940801,1.11000988640753,7.28061279321288,12.4819594798072
Satyridae_Arethusana_arethusa_arethusa,42.9428212510863,8.86621378208993,30.8166381032332,52.0074532437485,7.84710910065414,30.2955633561504,9.1366102251418
Satyridae_Berberia_abdelkader,30.1583500188387,5.60342740724543,21.1153486693479,30.111943396229,5.58010436280081,21.1687395077193,0.0744857076639161
Satyridae_Berberia_lambessanus,27.1997580430648,3.69041035227958,16.3775105207872,27.2482424177133,3.68166084452679,16.4685166277128,0.103486230817091
Satyridae_Chazara_briseis,44.8998067572007,5.20076937128668,21.8717590824209,33.7017543377794,4.40790934946776,20.72120667628,11.2848914855918
Satyridae_Chazara_prieuri,49.2614038822737,0.675030183164642,22.0340175743429,51.4684783894416,-0.256211648742016,14.2160814739046,8.17670557744495
Satyridae_Coenonympha_arcania,46.1558177394035,16.8804268737576,30.7657407253766,40.4871338797493,14.8567028467713,26.2294154074088,7.53708717135076
Satyridae_Coenonympha_arcanioides,41.5435322781337,15.980079413478,32.0563400370127,39.1803640613667,15.6297370706528,29.538849936947,3.47059939806408
Satyridae_Coenonympha_corinna,55.2178077816802,18.0214181692481,38.0547706088088,51.5232794163619,18.0508938389799,36.9151321920089,3.86641751215428
Satyridae_Coenonympha_darwiniana,38.7884744777765,13.8364214642323,24.3892440280438,37.0634119637077,15.4952542180222,24.4535403017424,2.39409707265666
Satyridae_Coenonympha_dorus_dorus,55.272548782558,14.2734589918377,44.7424786295131,44.0751684417615,10.7139467513256,35.8544691112841,14.732554669267
Satyridae_Coenonympha_elbana,54.1185992204607,17.723052289528,35.6788685112707,50.4678120257389,19.7255259718089,33.9611461986498,4.50429993813114
Satyridae_Coenonympha_gardetta,48.7943672266956,9.27154741266152,27.8488787517384,39.1093007914607,9.93577736555812,22.5216235489872,11.0734529971676
Satyridae_Coenonympha_glycerion_glycerion,55.8794472145623,7.74455063574169,41.7308517946709,39.6521223475777,8.22146489615935,29.931775759035,20.0691732476743
Satyridae_Coenonympha_hero,41.5257157760995,2.96278403230077,25.5877636024776,33.2620784865258,1.11626764688996,18.5514601018,11.0094001184838
Satyridae_Coenonympha_leander_leander,49.297692612796,9.34129432424722,39.0658962676668,38.9948944940795,8.91253197348044,29.9780189552855,13.7448535922853
Satyridae_Coenonympha_oedippus,29.6312981231513,7.85116647166129,12.3330073217459,19.4712611100272,9.02785732406664,8.7105634857526,10.8504862939461
Satyridae_Coenonympha_pamphilus,71.6292557395041,6.06185834973771,37.4129413469264,61.4791586234871,12.2541466746942,35.8881160068972,11.9872431560207
Satyridae_Coenonympha_rhodopensis,60.963993680848,11.5722972928507,46.6895455014291,56.1625388337872,10.8073119783621,41.4532412562929,7.14549181843893
Satyridae_Coenonympha_thyrsis,70.651569219438,8.33119805531332,42.7065104814382,62.3374346013044,12.6947376566697,42.4135666732117,9.39420717122162
Satyridae_Coenonympha_tullia_tullia,63.0199438483748,8.21317128324898,35.2183178438951,57.198012376056,7.00523676276563,33.5167005265574,6.1846174795872
Satyridae_Coenonympha_vaucheri,59.8757625949708,9.20348896638174,43.1000671576761,49.3858284467169,12.4324784793458,37.2353479458326,12.4442767223854
Satyridae_Erebia_aethiopella,26.8250647624706,11.4182911354636,19.1955936267708,21.1189276541702,10.9059877016482,14.0731748331508,7.68515645932158
Satyridae_Erebia_aethiops,16.9911411969291,4.14480559594217,15.030981811608,9.10876634339582,1.94095456997733,6.15360885876302,12.0746239370079
Satyridae_Erebia_alberganus,23.328502345419,4.38677387281395,17.4273546344806,20.0334506285002,4.59329023672263,14.8842685742811,4.16740945136335
Satyridae_Erebia_calcaria,32.4552073073906,9.25423296863064,26.8037956476839,24.8645739555185,6.51845786597851,20.6032764591551,10.1758841533381
Satyridae_Erebia_cassioides,22.2733896627571,3.53966763650882,16.9864659072925,15.159717776615,2.96911009634789,11.8354937575024,8.80127136828741
Satyridae_Erebia_christi,41.4548690285411,9.65956468393293,31.3639717289708,27.2815345428914,7.60255210549265,20.6828781984762,17.8661823061655
Satyridae_Erebia_claudina,34.7075480404641,11.2155425994581,28.6006842862858,28.1680140777532,11.8818392632112,25.4934735353538,7.27077811133615
Satyridae_Erebia_disa,39.3718365543677,4.94754541604446,25.0645858152637,30.4782166770839,6.18869845761776,20.7340468649666,9.96947857183438
Satyridae_Erebia_embla,35.3710991102581,6.11641584361507,25.0932891078056,31.4504223713411,6.26070071133604,22.8063177606648,4.5412291460331
Satyridae_Erebia_epiphron_silesiana,37.0451204357745,7.51388500206761,29.6157152390814,28.6338451571275,7.5464626599638,24.6444962362984,9.77054919083888
Satyridae_Erebia_epistygne,37.3777933740679,7.44428349068969,29.5078030017422,31.0520744591159,6.91962678436018,26.1362993875737,7.18728189727029
Satyridae_Erebia_eriphyle,23.3118843893147,4.95992616157809,18.3480737328803,21.6948700768611,5.94102261040652,18.3348204316611,1.89141776944611
Satyridae_Erebia_euryale_euryale,22.3023283264021,6.97453270062303,14.0271401808527,14.3010960261637,5.76360114223893,8.57219146323197,9.75922840563447
Satyridae_Erebia_flavofasciata,36.1606495499155,9.36296977709423,28.9086684392323,32.253022795979,9.47445303063097,26.4941867848337,4.59474667673058
Satyridae_Erebia_gorge,30.8430135705369,9.97877914835274,19.0686340272372,23.9670241059685,11.3775998365117,16.0800639399201,7.62676088528311
Satyridae_Erebia_gorgone,31.5396219465851,8.00529612635625,24.9288395845958,21.4921295643381,4.89246751077508,16.803035574177,13.2917454074712
Satyridae_Erebia_hispania,30.5764398433083,6.2048782559022,27.7219445129666,21.0810108945745,5.88297973030511,18.5706567396624,13.1913933112109
Satyridae_Erebia_lefebvrei_lefebvrei,21.6971020638082,11.4372334657798,13.7995566889272,11.3857543634582,5.26353970313704,4.28581294987599,15.328069219727
Satyridae_Erebia_ligea,24.9177518367698,16.1010317329661,23.0808007803381,30.1928193406873,10.7392836264183,15.0014746992281,11.0385773473696
Satyridae_Erebia_manto_manto,34.6953745078767,4.68171801466809,26.3357016152453,26.8799781203943,3.6361328831657,21.0564997770565,9.489132784877
Satyridae_Erebia_medusa_medusa,27.0906792790549,11.2497403938653,24.5556806948147,22.6718535895595,10.4700147705886,21.0112457920572,5.71813005287777
Satyridae_Erebia_melampus,38.653914047451,6.58118126614546,25.3946560684585,27.9503478581393,5.72587231127971,18.6357174079097,12.6878341096623
Satyridae_Erebia_melas_schanerdae,15.8385803386207,4.99181616730849,13.8965375117749,10.7952929652088,2.40144325359527,8.25983677749491,7.99482173226822
Satyridae_Erebia_meolans_meolans,27.2996588158514,10.4141231965739,21.5667552550046,17.4864901817164,8.10569235705843,13.373491145829,12.9906392585393
Satyridae_Erebia_mnestra,40.3438818488037,6.21232977452785,23.8443806757167,31.5192069697249,7.04422342886221,20.6717825495622,9.41447357230578
Satyridae_Erebia_montana_montana,24.4200825600716,13.9640098529877,15.1659891190149,20.8826576198179,12.7478991837319,12.09923205544,4.83707548574485
Satyridae_Erebia_neoridas,24.8390556258117,10.9117502295365,17.2968427512392,22.6496987667532,13.4176528316894,16.615332722758,3.39665824402522
Satyridae_Erebia_nivalis,29.0912778476227,7.83406302096298,24.961879522455,24.5945388265189,8.4404103402584,21.3617106288225,5.79219603934577
Satyridae_Erebia_oeme_oeme,21.1792150099998,8.525549319013,14.9569100977052,14.3706434106547,7.06825268109736,10.4935039312421,8.2705716441555
Satyridae_Erebia_orientalis,31.6334335721855,5.17136349716417,21.8514287967119,23.1575026522041,4.54127447574343,17.0883277439522,9.74297432892095
Satyridae_Erebia_ottomana,33.6563767740424,7.58799993430977,22.1593155814944,29.9106588855155,5.63153101335557,17.3467521725167,6.40460300912718
Satyridae_Erebia_palarica,27.3799292357797,14.3885608296156,10.9792234023105,21.5665477275804,15.2245485932327,7.92996803355002,6.617570430657
Satyridae_Erebia_pandrose,32.2421706789177,13.8731161618159,14.5321650703217,25.2940725488352,11.8864547203514,10.9973811358134,8.04472428190773
Satyridae_Erebia_pharte_pharte,27.8649212738242,3.0323565936476,16.0128396341346,19.2104881240138,2.61618332505754,10.2531201307606,10.404171379383
Satyridae_Erebia_pluto_pluto,29.059454273932,6.61101205131911,19.2565005751332,17.0513867031375,3.51044595274971,9.39019456896594,15.8477503489831
Satyridae_Erebia_polaris,26.2268449269437,1.96691911523227,17.0543312696249,20.0832043202281,3.92168529967304,14.0967473778618,7.09314691918435
Satyridae_Erebia_pronoe_pronoe,23.2711749036753,8.01931930846508,18.182324319527,17.1498820557476,6.83027912616165,12.8933478674327,8.17663222824848
Satyridae_Erebia_rhodopensis,38.9176037397359,8.94708470145685,26.1606133795379,29.5333782542727,6.59172578473184,20.1186304317231,11.4068822002464
Satyridae_Erebia_scipio,26.9400548027137,13.4216827268516,20.1142816049645,19.9358382847152,12.2542630575896,14.5080586880573,9.04719034337386
Satyridae_Erebia_sthennyo,34.3291963027564,12.8974313576399,14.6609154159765,20.3539387022287,12.1213459551853,7.43874057508124,15.7502362834807
Satyridae_Erebia_stirius,26.1267027949744,9.65928957332287,16.1320379450186,16.4189993823772,5.31087720255331,7.13951558420416,13.9288784222909
Satyridae_Erebia_styx_styx,20.234680124551,5.50309103610072,15.2606967331505,18.237445596639,5.46163908352039,14.1084471831842,2.30615330133411
Satyridae_Erebia_sudetica_sudetica,32.3073943918143,7.56222694903319,22.8678233005398,23.5562950708255,5.86471472155962,15.3708330657132,11.6476671342084
Satyridae_Erebia_triaria_triaria,35.3759924517522,7.99370319441288,25.7682590362364,27.7392535959026,3.85355433584556,18.6889066803071,11.2061520024914
Satyridae_Erebia_tyndarus,32.2100723772282,6.09255518591218,25.7027540984331,20.8202672063576,3.66372148437504,17.2539895344863,14.3877905752452
Satyridae_Erebia_zapateri,25.2603618314262,9.30881176501446,15.2084219724369,17.2422802550631,10.9441595629862,10.7056575190367,9.34017571078556
Satyridae_Hipparchia_alcyone,31.0917160257614,1.33649825705588,16.6764163725513,33.4881887150562,5.69566401914749,16.4415986740229,4.98001474329842
Satyridae_Hipparchia_aristaeus_aristaeus,40.372022010141,11.6607273606724,32.7682752745381,34.8416746565814,9.94253874664282,28.7102551624355,7.07138184477638
Satyridae_Hipparchia_azorina,44.5789207377323,3.51072464988471,23.1180965799354,29.3078274941891,5.96838803773361,19.1632792837382,15.9651801752208
Satyridae_Hipparchia_caldeirense,44.8523036011994,3.16991009693095,24.0764036012434,29.9771302880545,4.72258119956639,19.8959451162636,15.5292563181144
Satyridae_Hipparchia_cretica,35.7473525427538,6.07473895874542,28.4328156300503,41.573146905167,5.73353487650965,32.0264421499736,6.85349923349787
Satyridae_Hipparchia_ellena,35.0398223171498,-0.356932642110211,11.3136047584445,32.5063759160737,0.200262206402449,10.7321744787399,2.65836000881971
Satyridae_Hipparchia_fagi,34.2906137762033,2.56328938051198,12.7765018688341,37.8864900371971,3.74515433743784,15.7552077901418,4.81661912822901
Satyridae_Hipparchia_mersina,43.2102244789811,4.62879766385432,26.1230742963616,43.3778212388158,4.62185499367187,26.1197064956288,0.167774302734698
Satyridae_Hipparchia_neomiris,40.7971176482621,4.85010964761841,31.8036958001853,39.1017991443581,2.85935910424677,23.213270767774,8.97956540112562
Satyridae_Hipparchia_pellucida,38.09133210086,-1.04709792490411,23.6528296652158,36.3526858315071,0.604720649971436,26.0639815669601,3.40074241122782
Satyridae_Hipparchia_semele,23.8085618657547,4.27163954278494,17.4562198650944,29.2262085545773,4.54487223087375,21.0961127886551,6.53256245601512
Satyridae_Hipparchia_syriaca,37.6607602388601,1.95545193990245,18.8937477890924,30.6839876444846,2.20129780012027,17.8802543938031,7.05428698614606
Satyridae_Hipparchia_volgenis,42.0216620288796,4.9313227080009,28.4744883156437,33.8615476459615,4.35906939526825,21.1925900420513,10.9517570765238
Satyridae_Hyponephele_lupina,39.2962323299599,2.04887027645488,26.4191822483346,32.9774926444558,1.42509461598537,23.6344067857477,6.93329226737092
Satyridae_Hyponephele_lycaon,45.1987448920695,9.34786866159266,25.8383377579255,50.755408770167,9.04142220352766,22.354593989814,6.5655840203039
Satyridae_Hyponephele_maroccana,51.3547305728506,7.83720024411946,24.487472869725,36.0814719171336,8.93822889031058,21.982537434993,15.5164234144451
Satyridae_Kanetisa_circe,34.4607317544024,3.44452600594769,14.5364705705883,36.2997347806584,2.51224231591938,19.3394691295365,5.22684227488546
Satyridae_Kirinia_climene,45.3223972643226,9.06404580510306,34.5631650624506,45.5533379467723,9.1085554371927,34.7636139964458,0.309021813629493
Satyridae_Kirinia_roxelana,45.0827463662433,9.69374369564076,34.0854020026085,38.3901235306125,10.3465503049606,31.6048200564406,7.16733169881464
Satyridae_Lasiommata_maera_maera,49.0701395311428,12.8704831305353,33.1418690783064,39.9429599671535,11.1256312404076,28.1901133797713,10.5294728932536
Satyridae_Lasiommata_megera,39.8913503767384,10.3723410222334,34.5767824002269,41.2920896113326,6.66067871248693,27.2653613575165,8.31837635411577
Satyridae_Lasiommata_petropolitana,32.2511478842495,8.22744486969146,26.8542401003167,33.2403651384541,6.4438682388841,22.3522564851551,4.94242378243328
Satyridae_Lopinga_achine,41.5444789347338,10.2261374089953,27.546879289394,33.4104042986174,4.805931043036,29.250296083405,9.92186655874875
Satyridae_Maniola_jurtina_jurtina,35.0215387362749,5.28076647811352,27.4153513476281,22.5563212795226,2.78697506872266,17.0932502107761,16.3751767537659
Satyridae_Maniola_nurag,49.0171242398861,13.6935277457034,40.084282133814,39.7861409731968,9.38650230568477,31.4512937569029,13.3525281698541
Satyridae_Maniola_telmessia,35.8288387133564,14.1160008146104,24.4176547436719,30.1201290009542,11.1081402292478,17.6738269539739,9.33358479570182
Satyridae_Melanargia_arge,64.9596365196993,-3.02853097313829,7.514974774644,68.5576386652288,-3.34247531660783,13.5880051384802,7.06582467162243
Satyridae_Melanargia_galathea,52.8136915635827,-6.67571073747817,13.8484424148361,45.572422148739,-6.30535299934594,14.2693349145924,7.26294004442395
Satyridae_Melanargia_ines,56.2914238819727,-1.48718100112547,7.76703233187106,50.1494412989317,-1.11676366539589,0.611727731850061,9.437136375621
Satyridae_Melanargia_lachesis,71.6944795184771,-2.32237827104041,3.76656340276014,60.4999057981283,-2.86642583581489,3.81761454992655,11.2079023350798
Satyridae_Melanargia_larissa,57.5193135957612,-1.6445512526219,17.1841191920817,57.2996550123167,-1.55624625273636,17.2530236726943,0.246567422288722
Satyridae_Melanargia_occitanica_occitanica,60.3130767354088,-2.45916272965409,9.35505019270784,53.9690224659021,-4.32673189983774,9.50392966328431,6.61490773001598
Satyridae_Melanargia_russiae_cleanthe,56.1595519220816,-4.38318483750467,16.2342096140342,53.4416627874577,-5.19402978313483,13.6686598105014,3.8244524664804
Satyridae_Minois_dryas,42.0282413439665,3.12656737523038,24.7790446338505,31.3770914324318,4.28577047108522,19.8842469751874,11.7792100912871
Satyridae_Neohipparchia_fatua,34.5839861005596,7.02970541270711,23.2444438756518,28.1781701594023,5.57758903188818,16.2963670045819,9.5613227150705
Satyridae_Neohipparchia_hansii,54.1773612830855,4.20223663182588,40.6989224274905,37.5627390166825,6.79486170389052,30.5634613163546,19.6340253069742
Satyridae_Neohipparchia_powelli,51.7837416564622,2.50235537156954,33.8526255618215,41.5634632967669,3.14242638495135,30.3443508172363,10.8245910932156
Satyridae_Neohipparchia_statilinus_statilinus,39.3541227697145,7.66961268209999,30.6759210750037,30.9951738471899,4.4110767003539,16.8059138394718,16.51869197447
Satyridae_Oeneis_bore,51.5406043741046,7.85718719163761,42.6206388681322,51.4983254198928,6.28366131960275,38.6125043695432,4.3061483182435
Satyridae_Oeneis_glacialis,51.787565440362,7.14055187098947,41.6708446657186,47.74094974154,5.94329174288374,34.7557600219526,8.10104475106468
Satyridae_Oeneis_jutta,38.0439006231588,7.49445411970531,20.7125812662974,36.0261735582471,3.71176287817581,22.6191212728396,4.69200067495384
Satyridae_Oeneis_norna,50.112929143859,11.536999716537,42.0415654175893,56.8835292368823,6.30426804689642,42.4430759255947,8.56642965500482
Satyridae_Pararge_aegeria_aegeria,37.1594310819351,10.6673763695969,23.7367550747186,32.2004018284764,11.6418439426742,21.3956345536647,5.56977589151831
Satyridae_Pararge_xiphia,27.189482932656,11.7392074108313,24.124633887443,30.5127691093062,9.9009168652999,19.3527179726498,6.09874779274901
Satyridae_Pararge_xiphioides,27.2041975261016,9.86529449083388,17.5015322144685,27.5452100243425,9.23903013565173,17.4071453033685,0.719309012535795
Satyridae_Proterebia_afra,32.1406187427912,8.21989344725798,27.7423795117848,23.2467174421415,5.49498404738017,17.8376810774791,13.5878498173103
Satyridae_Pseudochazara_anthelea_amalthea,34.363191411858,5.46120978132337,25.8058945874727,34.4321250196231,5.4241887810963,25.8177329890948,0.0791362400565528
Satyridae_Pseudochazara_anthelea_anthelea,42.6259627167855,8.92007851610824,35.3931252444306,34.2615638694972,2.71917924589231,20.983083209553,17.7781785142016
Satyridae_Pseudochazara_atlantis,57.7944066891291,3.12100716528685,42.4327436536261,53.4815410615969,4.77345427681776,35.1611062341047,8.61441246624166
Satyridae_Pseudochazara_cingovskii,54.3978509605338,2.03633481808578,33.4398577997278,41.0478666568471,5.41867589580848,26.9157278927739,15.2389823517695
Satyridae_Pseudochazara_geyeri,48.3243891289076,6.06122366354243,35.0244272812776,52.5126196091795,4.12112858795091,31.4955193628188,5.81020090488917
Satyridae_Pseudochazara_graeca_graeca,39.984015388626,5.1314735261176,25.2174686891622,45.8436527174923,3.17274168595757,23.9258198790069,6.31192020674178
Satyridae_Pseudochazara_hippolyte,47.8506030148965,5.35334722737733,34.5758451584484,41.7308493593825,4.05687274519777,30.4348216141744,7.50202018667988
Satyridae_Pseudochazara_mamurra,52.211722727889,8.2796759780128,36.0473053702152,50.0099758165327,7.21995576948027,30.8553868400389,5.7381804089823
Satyridae_Pseudochazara_mniszechii,36.3349572638784,12.9937849825205,27.1311497259312,31.6818632195727,12.5946965476346,24.9556810581221,5.15201122753356
Satyridae_Pseudochazara_orestes,39.715916278566,10.3511284028822,29.0167834374164,33.1219251026148,11.4768156213657,26.1218712766323,7.28892363528622
Satyridae_Pseudotergumia_fidia,30.9123961992743,-1.26661292664735,17.0634446773647,21.1797678418036,2.21387772025348,13.8241182092197,10.8319483868338
Satyridae_Pseudotergumia_wyssii_wyssii,34.4784474476266,-0.486220828395796,22.3357160104391,33.0063595909917,1.82603190830633,24.8970450017572,3.75152789911052
Satyridae_Pyronia_bathseba,43.4576991792626,21.1820034026549,32.3788471920118,31.2142232528046,19.0161452672432,21.7023650164691,16.3884384817214
Satyridae_Pyronia_cecilia,45.6686036087253,17.6363542159775,30.7092336886886,40.4002819900091,16.2821394575584,25.9920403616342,7.20007105346605
Satyridae_Pyronia_janiroides,47.6220656564121,8.98146464241037,37.0519879877653,36.0842550845203,10.8058936256798,32.7361063702688,12.4529694468467
Satyridae_Pyronia_tithonus,39.1470789640566,16.481234494798,27.7667496193751,29.4768144459866,14.5444581228983,18.8391237079837,13.3029178369987
Satyridae_Satyrus_actaea,31.6295728743951,8.22459211322599,25.3071209014946,14.0086905305819,3.93957555516644,9.89615558082512,23.7982082012959
Satyridae_Satyrus_ferula,28.8594248874884,10.4274624871027,23.9816081818439,15.1812826345264,4.86817406204309,11.5072090352685,19.3289393747652
Satyridae_Ypthima_asterope,31.4846143744907,3.46032936351629,15.935705233372,28.3456599391094,3.35727576131468,16.0118154277329,3.14156772233424
